Packet #,Genotype,Density,Nitrogen,Hormone,Kernelwt,Lipidwt,wtpercent,PKID,PALMETIC,LINOLEIC,OLEIC,STEARIC,INDICATOR,Wavelength,393.910,395.982,398.054,400.126,402.198,404.270,406.342,408.414,410.486,412.558,414.630,416.702,418.774,420.846,422.918,424.990,427.062,429.134,431.206,433.278,435.350,437.422,439.494,441.566,443.638,445.710,447.782,449.854,451.926,453.998,456.070,458.142,460.214,462.286,464.358,466.430,468.502,470.574,472.646,474.718,476.790,478.862,480.934,483.006,485.078,487.150,489.222,491.294,493.366,495.438,497.510,499.582,501.654,503.726,505.798,507.870,509.942,512.014,514.086,516.158,518.230,520.302,522.374,524.446,526.518,528.590,530.662,532.734,534.806,536.878,538.950,541.022,543.094,545.166,547.238,549.310,551.382,553.454,555.526,557.598,559.670,561.742,563.814,565.886,567.958,570.030,572.102,574.174,576.246,578.318,580.390,582.462,584.534,586.606,588.678,590.750,592.822,594.894,596.966,599.038,601.110,603.182,605.254,607.326,609.398,611.470,613.542,615.614,617.686,619.758,621.830,623.902,625.974,628.046,630.118,632.190,634.262,636.334,638.406,640.478,642.550,644.622,646.694,648.766,650.838,652.910,654.982,657.054,659.126,661.198,663.270,665.342,667.414,669.486,671.558,673.630,675.702,677.774,679.846,681.918,683.990,686.062,688.134,690.206,692.278,694.350,696.422,698.494,700.566,702.638,704.710,706.782,708.854,710.926,712.998,715.070,717.142,719.214,721.286,723.358,725.430,727.502,729.574,731.646,733.718,735.790,737.862,739.934,742.006,744.078,746.150,748.222,750.294,752.366,754.438,756.510,758.582,760.654,762.726,764.798,766.870,768.942,771.014,773.086,775.158,777.230,779.302,781.374,783.446,785.518,787.590,789.662,791.734,793.806,795.878,797.950,800.022,802.094,804.166,806.238,808.310,810.382,812.454,814.526,816.598,818.670,820.742,822.814,824.886,826.958,829.030,831.102,833.174,835.246,837.318,839.390,841.462,843.534,845.606,847.678,849.750,851.822,853.894,855.966,858.038,860.110,862.182,864.254,866.326,868.398,870.470,872.542,874.614,876.686,878.758,880.830,882.902,884.974,887.046,889.118
32,B73,NORMAL,NORMAL,CONTROL,0.1842,0.012,0.0651,AREA,53.14587002,226.9587179,140.0472183,13.00959454,20,Signal,656,623,598,613,596,602,610,618,629,644,650,660,669,681,699,722,740,753,770,784,802,823,850,856,867,885,900,912,925,940,953,972,990,1008,1025,1043,1059,1075,1092,1106,1119,1129,1142,1154,1167,1179,1194,1207,1219,1234,1251,1269,1291,1315,1346,1380,1415,1456,1503,1551,1603,1657,1717,1780,1843,1909,1973,2035,2088,2143,2187,2219,2270,2336,2391,2419,2447,2480,2512,2539,2565,2593,2620,2647,2674,2700,2725,2750,2774,2797,2823,2844,2867,2891,2923,2938,2961,2984,3000,3023,3045,3057,3073,3098,3055,3146,3175,3168,3171,3181,3199,3213,3224,3233,3242,3266,3278,3286,3300,3309,3326,3341,3349,3359,3362,3375,3385,3400,3417,3433,3449,3460,3474,3487,3503,3510,3523,3535,3551,3561,3573,3589,3596,3607,3618,3624,3639,3648,3665,3674,3686,3690,3705,3707,3715,3722,3728,3742,3744,3744,3751,3756,3760,3765,3765,3769,3768,3771,3768,3768,3776,3783,3790,3799,3804,3808,3808,3813,3812,3817,3819,3828,3833,3840,3837,3843,3848,3848,3853,3842,3838,3825,3816,3805,3800,3802,3803,3803,3806,3818,3813,3812,3822,3836,3838,3836,3848,3839,3861,3858,3872,3887,3889,3886,3895,3881,3878,3890,3904,3904,3898,3910,3918,3924,3920,3903,3917,3912,3919,3939,3948,3955,3968,3969,3980,3967,3968,3975,3963,3951
32,B73,NORMAL,NORMAL,GA,0.2043,0.0108,0.0529,AREA,62.67891806,169.8638155,149.7883587,13.78223853,20,Signal,517,501,491,491,493,487,494,505,513,523,532,540,548,562,584,604,617,630,647,660,690,716,724,727,738,757,768,780,790,801,818,835,851,868,889,908,930,951,967,989,1008,1023,1041,1060,1083,1102,1126,1146,1168,1190,1219,1254,1287,1329,1377,1425,1475,1532,1587,1647,1705,1763,1821,1877,1933,1989,2041,2089,2131,2173,2213,2245,2293,2349,2386,2397,2417,2439,2463,2487,2506,2531,2554,2579,2601,2621,2645,2665,2690,2712,2732,2754,2774,2798,2828,2836,2856,2873,2891,2909,2928,2939,2954,2982,2954,3047,3062,3049,3046,3054,3068,3081,3091,3098,3109,3130,3138,3149,3161,3176,3187,3204,3214,3225,3226,3240,3246,3261,3278,3296,3313,3329,3340,3356,3368,3378,3387,3396,3410,3422,3434,3445,3461,3468,3475,3487,3500,3514,3527,3538,3543,3556,3566,3567,3579,3583,3591,3601,3603,3607,3612,3611,3620,3630,3625,3627,3631,3629,3629,3632,3633,3642,3648,3655,3662,3665,3664,3676,3674,3678,3679,3682,3691,3697,3697,3695,3695,3689,3688,3679,3672,3663,3637,3633,3620,3620,3623,3621,3615,3630,3626,3639,3631,3657,3655,3653,3660,3668,3679,3680,3690,3706,3707,3711,3708,3706,3700,3709,3713,3722,3719,3719,3730,3730,3744,3726,3726,3738,3749,3763,3760,3769,3787,3800,3789,3792,3788,3784,3788,3785
32,B73,NORMAL,NORMAL,PAC+GA,0.2527,0.0141,0.0558,AREA,74.97309742,259.9317632,187.6028848,20.04951469,20,Signal,568,576,554,555,571,579,594,603,621,632,645,657,668,687,710,732,746,766,783,800,815,837,867,875,889,902,921,933,947,962,979,995,1010,1030,1051,1066,1087,1104,1122,1138,1152,1164,1178,1191,1205,1220,1239,1257,1275,1295,1319,1343,1371,1404,1443,1488,1531,1580,1635,1687,1744,1803,1860,1919,1978,2038,2093,2143,2194,2239,2279,2307,2352,2418,2471,2493,2513,2543,2569,2594,2620,2643,2663,2692,2715,2737,2761,2778,2799,2822,2842,2860,2878,2903,2936,2946,2964,2989,3002,3019,3037,3048,3065,3088,3039,3115,3163,3150,3149,3155,3173,3181,3193,3200,3205,3226,3238,3247,3261,3269,3282,3293,3307,3314,3318,3322,3331,3343,3359,3375,3389,3400,3416,3427,3436,3442,3448,3461,3469,3484,3496,3504,3514,3520,3530,3541,3554,3566,3581,3590,3593,3598,3611,3610,3622,3629,3631,3640,3648,3641,3643,3650,3658,3662,3664,3672,3673,3673,3677,3682,3680,3690,3693,3704,3708,3713,3709,3712,3713,3708,3707,3701,3708,3708,3712,3709,3696,3695,3688,3681,3676,3663,3658,3647,3645,3656,3655,3649,3651,3649,3662,3672,3663,3683,3684,3690,3683,3694,3702,3707,3713,3721,3722,3727,3721,3719,3722,3735,3735,3740,3750,3738,3751,3759,3763,3757,3754,3760,3761,3775,3782,3793,3807,3798,3827,3811,3809,3820,3815,3808
32,B73,NORMAL,NORMAL,UCN,0.2328,0.0139,0.0597,AREA,69.05031121,303.4092753,155.1090399,15.53248932,20,Signal,470,465,466,486,501,513,531,552,567,583,597,613,625,638,660,681,701,717,733,749,770,795,817,823,834,851,865,877,892,904,920,941,958,976,992,1009,1026,1042,1059,1072,1085,1095,1106,1118,1128,1140,1153,1163,1173,1187,1197,1214,1233,1256,1285,1320,1355,1397,1442,1489,1540,1595,1651,1708,1768,1825,1883,1936,1985,2032,2076,2103,2149,2211,2259,2278,2301,2331,2356,2379,2402,2422,2448,2470,2496,2518,2539,2559,2582,2602,2625,2646,2666,2692,2719,2733,2751,2768,2786,2804,2820,2832,2846,2872,2835,2917,2944,2932,2929,2939,2953,2962,2970,2979,2988,3006,3016,3025,3033,3045,3056,3071,3081,3085,3091,3097,3108,3122,3139,3154,3171,3183,3193,3204,3215,3227,3237,3247,3259,3268,3281,3293,3301,3309,3315,3326,3336,3345,3361,3371,3374,3383,3384,3385,3394,3397,3404,3411,3414,3411,3412,3415,3418,3421,3422,3422,3429,3430,3429,3428,3434,3436,3446,3452,3460,3461,3464,3463,3462,3462,3466,3471,3475,3470,3471,3473,3464,3457,3441,3427,3406,3380,3364,3351,3350,3348,3358,3349,3351,3354,3355,3362,3366,3384,3382,3390,3395,3397,3402,3391,3415,3428,3433,3423,3428,3426,3415,3430,3434,3439,3434,3453,3457,3454,3451,3439,3453,3444,3469,3474,3478,3485,3498,3494,3506,3494,3491,3494,3488,3475
44,CML103,HIGH,NORMAL,CONTROL,0.2089,0.0116,0.0555,AREA,60.02392469,172.5708792,94.50927294,8.435951311,20,Signal,506,471,458,439,439,440,453,459,478,492,505,527,549,587,623,658,695,732,762,790,831,919,923,949,986,1024,1062,1094,1127,1156,1194,1234,1273,1316,1354,1392,1427,1462,1489,1507,1526,1544,1561,1582,1605,1630,1656,1676,1694,1708,1723,1735,1747,1766,1787,1803,1818,1834,1850,1860,1868,1880,1890,1900,1907,1920,1931,1937,1941,1953,1959,1970,2010,2066,2055,2041,2047,2051,2057,2067,2070,2079,2093,2105,2115,2123,2133,2142,2155,2165,2172,2185,2191,2219,2223,2223,2238,2243,2252,2265,2266,2271,2278,2250,2305,2372,2346,2328,2327,2335,2344,2344,2345,2348,2362,2366,2370,2372,2377,2384,2392,2403,2405,2404,2404,2402,2408,2419,2428,2442,2449,2457,2467,2476,2480,2477,2481,2481,2488,2494,2500,2509,2510,2513,2518,2525,2531,2541,2552,2556,2556,2565,2565,2565,2573,2571,2573,2584,2576,2579,2576,2582,2585,2586,2589,2587,2589,2586,2580,2580,2581,2586,2599,2600,2604,2594,2583,2576,2570,2558,2548,2540,2535,2525,2517,2510,2502,2487,2478,2465,2450,2441,2424,2404,2387,2379,2369,2369,2366,2372,2376,2376,2389,2394,2397,2394,2399,2397,2406,2416,2421,2431,2429,2433,2438,2427,2432,2434,2433,2437,2438,2439,2449,2449,2427,2432,2425,2429,2430,2430,2439,2449,2453,2458,2458,2448,2443,2439,2435,2428
44,CML103,HIGH,NORMAL,GA,0.1588,0.0092,0.058,AREA,52.6892465,155.3174337,75.33117028,7.816568164,20,Signal,516,517,539,562,597,625,667,693,738,771,799,835,872,933,988,1045,1091,1145,1188,1227,1269,1401,1429,1455,1506,1560,1616,1656,1702,1745,1782,1817,1845,1876,1906,1941,1971,2006,2032,2052,2069,2086,2106,2129,2155,2183,2213,2238,2257,2273,2289,2299,2309,2325,2350,2368,2385,2400,2421,2428,2435,2447,2456,2468,2473,2486,2493,2497,2499,2509,2505,2502,2554,2636,2633,2610,2610,2617,2621,2629,2631,2637,2653,2665,2678,2685,2694,2701,2716,2727,2734,2743,2751,2784,2795,2789,2808,2816,2821,2837,2842,2845,2845,2811,2837,2951,2936,2908,2898,2910,2921,2920,2916,2914,2928,2936,2939,2941,2950,2957,2965,2974,2978,2976,2969,2966,2971,2983,2996,3012,3022,3031,3040,3054,3058,3058,3060,3065,3075,3083,3092,3099,3103,3106,3111,3118,3131,3143,3157,3162,3162,3168,3171,3171,3181,3178,3180,3189,3183,3181,3180,3181,3189,3191,3189,3190,3183,3176,3167,3166,3166,3174,3191,3192,3202,3200,3202,3201,3204,3203,3201,3208,3212,3207,3218,3202,3199,3194,3181,3167,3141,3128,3103,3081,3058,3049,3030,3023,3022,3022,3028,3033,3042,3059,3055,3055,3062,3062,3072,3086,3095,3108,3106,3107,3107,3101,3104,3099,3103,3109,3106,3114,3120,3114,3100,3098,3099,3097,3102,3108,3113,3130,3145,3155,3134,3142,3134,3126,3113,3109
44,CML103,HIGH,NORMAL,PAC,0.1899,0.0104,0.0548,AREA,67.45656985,171.6569494,115.5181118,9.581550559,20,Signal,518,494,484,480,491,504,524,543,572,592,616,643,673,718,762,806,851,893,930,967,1002,1111,1138,1160,1201,1249,1299,1336,1374,1417,1458,1502,1545,1586,1623,1658,1692,1728,1756,1774,1791,1812,1837,1862,1891,1924,1958,1986,2011,2034,2051,2068,2080,2100,2128,2147,2165,2188,2208,2220,2232,2244,2257,2267,2278,2293,2304,2310,2312,2324,2326,2328,2378,2456,2456,2436,2437,2443,2453,2460,2464,2474,2485,2504,2515,2527,2536,2544,2561,2569,2577,2590,2598,2627,2640,2636,2653,2661,2669,2684,2689,2695,2700,2667,2692,2800,2792,2764,2755,2764,2777,2776,2776,2775,2791,2801,2802,2805,2814,2821,2832,2842,2849,2847,2843,2842,2847,2861,2876,2888,2897,2906,2916,2929,2935,2939,2937,2944,2948,2958,2964,2974,2979,2983,2989,2995,3005,3018,3029,3036,3037,3041,3047,3045,3056,3054,3058,3066,3060,3053,3052,3053,3062,3070,3069,3069,3061,3055,3051,3049,3052,3061,3070,3080,3086,3088,3086,3096,3093,3089,3098,3096,3095,3092,3095,3087,3079,3068,3057,3043,3025,3005,2986,2962,2949,2936,2919,2918,2915,2912,2925,2930,2939,2951,2951,2957,2966,2968,2970,2979,2987,3003,2999,3000,3004,3001,2995,3002,2999,3008,3013,3018,3014,3014,3007,2999,2996,2995,3001,3007,3025,3026,3037,3047,3034,3039,3030,3020,3012,3013
88,B73,HIGH,NORMAL,CONTROL,0.2058,0.0133,0.0646,AREA,66.53730037,230.9188377,167.3802495,17.69476579,20,Signal,644,592,572,550,543,542,550,553,560,564,575,585,592,603,619,641,653,672,687,704,712,735,765,768,777,792,805,819,831,847,857,878,896,914,939,956,983,1004,1028,1047,1064,1083,1103,1120,1143,1164,1188,1212,1243,1271,1306,1341,1384,1428,1481,1538,1597,1660,1727,1798,1867,1937,2010,2080,2155,2220,2286,2342,2394,2442,2484,2510,2561,2635,2693,2711,2735,2763,2787,2815,2838,2864,2890,2915,2942,2964,2986,3009,3032,3056,3077,3094,3117,3140,3175,3186,3210,3226,3244,3264,3288,3297,3312,3337,3261,3372,3423,3410,3407,3416,3437,3454,3462,3464,3477,3502,3511,3521,3534,3545,3556,3572,3584,3591,3591,3597,3608,3626,3643,3661,3679,3691,3709,3721,3735,3746,3755,3769,3780,3792,3806,3817,3831,3835,3843,3856,3870,3884,3897,3911,3924,3927,3932,3939,3953,3961,3969,3980,3985,3990,3991,3996,4001,4006,4011,4019,4024,4021,4027,4028,4027,4036,4039,4049,4057,4054,4057,4054,4054,4062,4068,4064,4078,4078,4080,4086,4088,4093,4105,4102,4112,4111,4106,4111,4127,4116,4117,4116,4108,4125,4134,4126,4126,4156,4159,4162,4160,4166,4187,4194,4210,4214,4221,4221,4218,4211,4213,4220,4234,4235,4241,4251,4255,4253,4252,4257,4262,4253,4272,4271,4285,4303,4312,4315,4316,4323,4321,4310,4308,4312
88,B73,HIGH,NORMAL,GA,0.2162,0.0091,0.0421,AREA,48.09685471,171.9402506,93.3875969,7.040899545,20,Signal,395,365,351,353,357,358,359,366,379,382,388,398,404,413,426,439,449,464,480,495,510,526,540,547,555,565,577,589,600,611,625,641,656,670,687,702,714,732,747,761,775,789,804,822,838,850,869,884,900,916,936,960,989,1025,1068,1113,1162,1212,1267,1323,1381,1436,1492,1543,1595,1640,1687,1725,1763,1799,1839,1863,1903,1950,1989,2000,2012,2031,2054,2071,2090,2114,2129,2154,2176,2193,2210,2229,2249,2269,2287,2304,2319,2341,2366,2377,2394,2411,2425,2444,2461,2473,2487,2517,2457,2556,2587,2575,2572,2579,2595,2609,2617,2621,2628,2645,2655,2659,2673,2683,2696,2702,2714,2717,2725,2725,2733,2746,2764,2783,2793,2811,2820,2830,2845,2849,2856,2864,2872,2881,2891,2899,2911,2915,2923,2934,2942,2952,2966,2975,2978,2985,2995,2993,3005,3008,3015,3021,3030,3028,3032,3035,3045,3051,3059,3065,3076,3081,3087,3087,3088,3095,3102,3111,3116,3116,3110,3107,3090,3083,3071,3063,3051,3044,3036,3014,3007,2993,2986,2982,2970,2963,2971,2966,2972,2969,2970,2973,2977,2974,2996,2991,2994,3017,3012,3015,3020,3031,3024,3040,3051,3053,3053,3056,3063,3064,3064,3064,3066,3071,3067,3073,3087,3092,3088,3088,3084,3087,3085,3101,3102,3109,3114,3127,3126,3130,3128,3129,3124,3112
88,B73,HIGH,NORMAL,PAC,0.1378,0.0084,0.061,AREA,40.57615904,160.2573762,83.82267719,7.246294573,20,Signal,555,519,512,509,517,519,529,538,548,556,568,578,588,599,619,637,650,666,679,693,714,735,753,755,762,777,788,799,808,820,831,847,864,880,898,914,930,949,963,977,990,1000,1012,1026,1041,1057,1074,1090,1109,1130,1156,1185,1218,1259,1302,1351,1401,1457,1513,1570,1629,1685,1740,1793,1847,1897,1946,1988,2024,2061,2094,2115,2156,2210,2246,2255,2267,2287,2305,2321,2339,2358,2374,2393,2412,2427,2445,2460,2479,2496,2512,2526,2541,2561,2583,2590,2604,2618,2629,2643,2656,2663,2671,2698,2657,2741,2764,2745,2740,2744,2759,2765,2769,2775,2782,2800,2807,2813,2818,2826,2838,2849,2856,2863,2866,2870,2875,2887,2903,2914,2928,2939,2947,2959,2966,2971,2979,2986,2996,3006,3015,3023,3032,3040,3044,3050,3061,3070,3078,3088,3091,3099,3103,3101,3109,3110,3117,3122,3123,3121,3122,3123,3126,3131,3129,3131,3135,3133,3131,3136,3138,3141,3147,3156,3160,3159,3159,3159,3155,3156,3157,3155,3154,3154,3146,3136,3129,3118,3104,3086,3064,3043,3031,3018,3013,3011,3009,3012,3007,3016,3019,3021,3028,3037,3038,3034,3051,3050,3056,3055,3070,3079,3085,3084,3079,3081,3079,3078,3083,3089,3093,3096,3102,3103,3103,3098,3097,3103,3107,3119,3116,3127,3131,3142,3148,3137,3140,3130,3134,3125
88,B73,HIGH,NORMAL,PAC+GA,0.2073,0.0128,0.0617,AREA,0.176323211,0.080625792,6.173235368,0.069165345,20,Signal,452,435,432,436,437,446,461,469,485,496,507,517,528,544,563,582,600,617,630,642,653,673,704,708,720,732,748,760,774,786,798,814,832,850,871,889,910,929,950,970,987,1004,1022,1043,1059,1079,1102,1122,1144,1167,1193,1223,1254,1290,1332,1377,1421,1472,1527,1580,1637,1694,1752,1810,1869,1925,1980,2029,2075,2118,2157,2179,2225,2288,2342,2362,2386,2413,2438,2464,2489,2508,2534,2560,2584,2608,2628,2648,2670,2694,2711,2730,2751,2775,2806,2818,2836,2859,2872,2893,2910,2923,2937,2962,2904,2999,3041,3031,3031,3040,3058,3069,3077,3087,3093,3120,3129,3140,3154,3165,3180,3195,3207,3212,3218,3226,3235,3251,3273,3285,3306,3316,3331,3348,3359,3366,3376,3386,3396,3412,3426,3438,3448,3457,3468,3480,3492,3510,3522,3535,3542,3551,3556,3558,3573,3580,3589,3601,3607,3605,3607,3612,3622,3623,3629,3625,3626,3625,3629,3629,3629,3634,3646,3655,3659,3660,3667,3668,3667,3670,3673,3678,3690,3688,3691,3699,3696,3698,3694,3688,3681,3675,3655,3640,3627,3619,3626,3613,3618,3621,3620,3632,3633,3649,3659,3657,3670,3677,3683,3682,3695,3695,3711,3712,3704,3714,3705,3706,3720,3728,3717,3739,3735,3734,3728,3734,3732,3739,3755,3757,3763,3778,3779,3787,3781,3792,3791,3784,3776,3788
88,B73,HIGH,NORMAL,PCZ,0.2285,0.0137,0.06,AREA,0,0,12.00989974,0,20,Signal,485,473,464,471,473,476,489,498,510,520,528,536,547,556,577,595,612,627,641,653,667,687,713,721,732,751,765,782,795,811,830,851,871,894,920,944,970,1001,1028,1058,1088,1117,1146,1176,1204,1232,1262,1290,1321,1350,1383,1419,1455,1495,1539,1590,1642,1698,1757,1818,1879,1940,2003,2065,2128,2185,2241,2290,2333,2375,2414,2434,2483,2554,2606,2626,2645,2675,2701,2727,2751,2773,2799,2824,2848,2868,2890,2911,2930,2950,2968,2985,3005,3029,3057,3068,3085,3104,3116,3136,3150,3160,3168,3196,3131,3233,3271,3253,3250,3259,3278,3285,3295,3301,3309,3339,3346,3357,3367,3377,3392,3404,3414,3424,3428,3439,3445,3465,3486,3502,3521,3535,3550,3566,3577,3587,3600,3613,3626,3637,3654,3668,3680,3690,3703,3711,3729,3742,3761,3775,3785,3793,3803,3808,3826,3835,3839,3856,3862,3863,3865,3873,3882,3892,3890,3897,3899,3899,3902,3903,3908,3917,3929,3941,3945,3946,3949,3951,3952,3957,3958,3967,3973,3984,3989,3988,3988,4000,4005,4008,4011,4003,4001,4002,4002,4002,4000,3995,3997,4005,4008,4025,4026,4041,4053,4051,4066,4067,4088,4089,4102,4118,4124,4133,4124,4115,4122,4129,4153,4144,4150,4157,4171,4175,4171,4164,4163,4166,4176,4198,4214,4222,4245,4243,4246,4254,4246,4242,4240,4233
88,B73,HIGH,NORMAL,UCN,0.1838,0.0115,0.0626,AREA,53.61027913,240.0920113,113.393211,8.042100367,20,Signal,412,396,385,379,375,374,372,381,382,393,402,406,417,425,440,454,464,479,489,499,510,523,543,548,555,565,577,586,594,603,615,626,637,650,663,679,694,708,720,733,745,756,768,783,795,812,827,842,856,877,896,921,949,987,1028,1076,1126,1182,1244,1307,1371,1440,1505,1569,1636,1701,1763,1822,1874,1924,1969,1998,2043,2102,2155,2179,2201,2228,2252,2274,2301,2323,2345,2373,2396,2419,2442,2460,2484,2506,2526,2546,2566,2593,2621,2634,2654,2672,2691,2708,2724,2740,2753,2783,2735,2807,2861,2850,2846,2852,2870,2883,2892,2900,2903,2926,2940,2949,2961,2973,2989,3004,3016,3025,3033,3039,3049,3061,3078,3095,3113,3128,3139,3155,3164,3176,3184,3197,3209,3223,3235,3248,3260,3265,3276,3288,3299,3314,3326,3337,3343,3348,3357,3361,3372,3379,3380,3392,3401,3397,3397,3403,3406,3411,3412,3411,3417,3418,3419,3424,3429,3432,3442,3450,3461,3461,3461,3462,3467,3466,3473,3472,3478,3474,3479,3486,3476,3473,3463,3445,3425,3408,3391,3379,3374,3390,3381,3382,3385,3385,3389,3392,3400,3410,3417,3425,3420,3434,3440,3439,3450,3461,3463,3480,3469,3461,3467,3468,3470,3480,3499,3486,3498,3503,3504,3503,3502,3504,3510,3518,3525,3539,3545,3549,3569,3558,3556,3558,3545,3542
91,CML103,HIGH,NORMAL,CONTROL,0.1523,0.0067,0.044,AREA,53.84751465,162.5033429,74.91712554,6.739456778,20,Signal,392,383,396,401,428,446,482,507,537,566,594,625,652,702,745,790,832,877,911,942,977,1084,1114,1127,1161,1208,1251,1294,1334,1373,1405,1454,1497,1541,1584,1622,1655,1690,1717,1731,1747,1764,1782,1808,1838,1869,1904,1932,1953,1972,1985,1996,2005,2020,2044,2064,2079,2100,2120,2127,2138,2146,2159,2168,2177,2190,2201,2205,2207,2214,2213,2212,2267,2365,2370,2342,2333,2334,2336,2340,2345,2353,2363,2381,2391,2402,2413,2420,2435,2449,2454,2466,2472,2504,2521,2517,2529,2541,2547,2564,2570,2571,2576,2555,2551,2686,2700,2656,2638,2642,2657,2659,2659,2657,2665,2678,2685,2688,2694,2701,2712,2724,2733,2731,2724,2718,2723,2735,2754,2772,2786,2796,2804,2816,2821,2825,2820,2826,2834,2844,2854,2864,2873,2871,2878,2887,2899,2915,2932,2936,2943,2946,2952,2949,2963,2963,2965,2977,2974,2973,2969,2968,2977,2984,2985,2991,2987,2982,2977,2982,2982,2993,3005,3021,3030,3033,3034,3036,3038,3043,3040,3037,3036,3035,3025,3010,3001,2998,2987,2972,2957,2929,2910,2890,2868,2852,2847,2841,2838,2847,2845,2853,2854,2882,2889,2884,2893,2898,2900,2912,2925,2946,2943,2938,2943,2942,2922,2932,2938,2945,2955,2957,2968,2957,2956,2940,2931,2931,2940,2949,2961,2980,2987,2998,2991,2996,2990,2982,2966,2970
91,CML103,HIGH,NORMAL,GA,0.173,0.0081,0.0468,AREA,69.11628513,97.48397958,102.699495,12.88598497,20,Signal,582,587,594,620,658,696,733,773,816,859,890,930,970,1033,1088,1149,1200,1258,1303,1337,1370,1515,1566,1582,1629,1686,1748,1795,1843,1886,1907,1938,1964,1999,2031,2065,2103,2144,2178,2195,2212,2230,2249,2276,2303,2336,2375,2408,2431,2450,2466,2476,2478,2496,2527,2547,2566,2589,2611,2622,2632,2647,2654,2668,2677,2695,2706,2712,2709,2719,2716,2698,2758,2868,2889,2860,2850,2853,2856,2864,2865,2874,2888,2904,2921,2928,2941,2947,2964,2976,2983,2994,3001,3038,3061,3054,3070,3082,3090,3111,3117,3118,3124,3092,3069,3226,3252,3213,3191,3198,3215,3220,3217,3214,3226,3244,3251,3251,3258,3265,3276,3292,3298,3292,3287,3275,3278,3292,3311,3333,3347,3357,3371,3385,3396,3395,3400,3399,3410,3420,3432,3442,3447,3454,3460,3467,3481,3498,3521,3530,3533,3539,3541,3546,3561,3564,3566,3580,3577,3577,3570,3576,3584,3591,3596,3596,3593,3587,3574,3574,3574,3582,3607,3616,3628,3623,3619,3624,3624,3629,3630,3636,3641,3646,3663,3663,3661,3666,3675,3681,3669,3662,3643,3623,3603,3586,3563,3558,3552,3559,3567,3574,3585,3603,3607,3605,3626,3620,3635,3647,3658,3677,3682,3692,3689,3678,3681,3680,3678,3688,3693,3707,3713,3708,3683,3682,3680,3674,3681,3685,3707,3728,3748,3757,3755,3758,3745,3746,3726,3724
91,CML103,HIGH,NORMAL,PAC,0.236,0.0136,0.0576,AREA,108.2357789,191.8423005,214.5730635,16.93450048,20,Signal,340,332,309,303,301,299,311,316,329,339,356,372,388,414,439,465,490,518,541,563,579,640,670,683,704,735,764,790,816,846,867,894,925,960,993,1026,1059,1092,1126,1150,1173,1198,1224,1249,1271,1298,1323,1350,1372,1391,1405,1421,1429,1442,1465,1485,1501,1521,1541,1555,1568,1582,1591,1602,1613,1624,1636,1643,1647,1659,1665,1666,1708,1780,1797,1782,1772,1778,1781,1788,1798,1807,1817,1835,1850,1858,1871,1876,1891,1903,1915,1926,1933,1956,1979,1979,1989,2000,2007,2023,2032,2033,2042,2043,2002,2117,2153,2125,2107,2111,2123,2130,2130,2128,2135,2150,2155,2160,2168,2176,2185,2195,2205,2203,2203,2199,2201,2212,2230,2246,2259,2269,2281,2294,2301,2305,2307,2312,2322,2333,2344,2352,2361,2365,2372,2379,2392,2408,2421,2436,2434,2441,2451,2454,2465,2470,2474,2487,2486,2487,2485,2493,2501,2505,2512,2518,2516,2516,2519,2518,2517,2532,2545,2553,2555,2553,2536,2527,2520,2517,2507,2498,2495,2489,2484,2479,2470,2463,2460,2452,2435,2426,2412,2398,2388,2377,2370,2364,2371,2378,2386,2386,2397,2418,2423,2416,2432,2437,2446,2455,2469,2485,2489,2487,2485,2486,2478,2486,2496,2498,2504,2511,2519,2517,2508,2498,2500,2487,2509,2510,2528,2532,2545,2553,2562,2551,2555,2560,2540,2524
93,B73,NORMAL,NORMAL,CONTROL,0.234,0.0131,0.056,AREA,52.74619077,220.5404274,121.1696936,11.2448294,20,Signal,497,466,457,445,442,443,447,457,463,471,481,491,495,506,525,540,554,568,585,601,602,618,645,656,661,674,685,701,712,726,738,752,769,789,811,835,858,884,910,934,956,979,1000,1023,1044,1070,1096,1123,1155,1192,1230,1271,1315,1363,1418,1480,1543,1610,1680,1753,1827,1900,1972,2044,2113,2180,2244,2298,2347,2394,2440,2462,2498,2567,2642,2672,2685,2712,2736,2763,2786,2813,2834,2861,2890,2913,2933,2950,2973,2990,3012,3030,3050,3075,3108,3120,3138,3158,3174,3191,3208,3221,3240,3269,3189,3246,3338,3350,3332,3329,3347,3365,3374,3374,3374,3399,3418,3426,3434,3444,3459,3471,3488,3495,3496,3499,3501,3509,3532,3553,3571,3587,3600,3610,3622,3636,3650,3656,3667,3681,3694,3706,3721,3726,3735,3743,3758,3767,3782,3798,3804,3808,3820,3823,3831,3843,3848,3862,3871,3867,3861,3868,3868,3874,3885,3890,3900,3904,3894,3903,3901,3906,3907,3920,3932,3933,3935,3935,3942,3940,3943,3941,3946,3963,3967,3969,3963,3961,3965,3958,3960,3969,3969,3969,3965,3969,3971,3970,3965,3953,3974,3978,3972,3999,4011,4016,4022,4025,4032,4041,4046,4059,4059,4086,4076,4069,4086,4084,4086,4084,4098,4099,4118,4121,4118,4112,4115,4115,4108,4129,4137,4153,4169,4167,4184,4187,4187,4187,4181,4173
93,B73,NORMAL,NORMAL,PAC,0.1579,0.0122,0.0773,AREA,53.94068408,199.1641731,110.7337807,10.66700748,20,Signal,408,403,405,409,416,420,432,447,456,470,475,484,494,507,526,540,554,568,582,594,593,612,639,645,654,665,675,687,697,708,716,728,744,760,778,797,815,834,853,870,885,901,916,932,950,969,991,1015,1039,1070,1101,1139,1182,1228,1280,1337,1398,1460,1528,1597,1667,1738,1806,1877,1943,2008,2068,2122,2168,2214,2256,2275,2312,2373,2445,2471,2483,2511,2534,2553,2579,2600,2620,2646,2675,2700,2717,2733,2754,2775,2796,2814,2834,2857,2891,2905,2920,2937,2953,2970,2990,3003,3020,3046,2974,3038,3128,3125,3113,3113,3130,3147,3156,3162,3161,3188,3203,3211,3226,3237,3247,3263,3276,3283,3287,3289,3295,3308,3325,3342,3364,3376,3387,3399,3416,3429,3439,3450,3460,3477,3486,3500,3508,3522,3528,3540,3552,3564,3581,3594,3608,3611,3619,3622,3630,3643,3646,3655,3667,3669,3668,3667,3675,3679,3683,3685,3691,3697,3694,3699,3700,3700,3709,3721,3732,3738,3735,3739,3739,3741,3743,3744,3755,3759,3765,3763,3764,3754,3741,3735,3724,3713,3710,3697,3703,3707,3708,3710,3704,3701,3703,3718,3710,3721,3740,3739,3753,3759,3767,3755,3779,3800,3799,3806,3801,3797,3800,3794,3800,3798,3809,3819,3837,3828,3836,3836,3827,3819,3829,3853,3853,3870,3889,3895,3894,3887,3893,3892,3881,3882
93,B73,NORMAL,NORMAL,PAC+GA,0.2047,0.0116,0.0567,AREA,45.42268027,194.5269249,86.6013684,7.542904912,20,Signal,517,500,492,485,489,501,511,528,537,548,556,569,577,589,613,630,645,662,679,699,700,723,749,764,770,781,794,809,821,838,849,865,879,899,921,942,962,984,1003,1023,1038,1053,1065,1080,1095,1113,1133,1155,1179,1204,1231,1265,1298,1338,1386,1438,1489,1548,1610,1672,1732,1793,1854,1914,1976,2032,2090,2139,2184,2224,2267,2286,2319,2377,2445,2475,2491,2513,2538,2560,2582,2606,2623,2652,2676,2702,2716,2735,2757,2774,2796,2812,2831,2856,2886,2901,2915,2933,2950,2964,2982,2997,3015,3041,2967,3020,3105,3124,3103,3105,3123,3139,3145,3149,3148,3171,3190,3199,3205,3216,3230,3244,3258,3267,3267,3271,3273,3282,3303,3319,3338,3349,3363,3372,3386,3398,3413,3420,3426,3440,3450,3460,3472,3478,3487,3495,3504,3514,3528,3538,3548,3547,3560,3565,3565,3582,3581,3592,3600,3598,3596,3592,3598,3599,3609,3620,3629,3634,3628,3631,3636,3636,3641,3646,3658,3668,3668,3667,3665,3663,3657,3658,3656,3668,3659,3660,3654,3647,3640,3627,3630,3631,3630,3628,3628,3630,3625,3638,3634,3628,3637,3639,3640,3654,3673,3681,3676,3676,3685,3694,3702,3705,3708,3726,3717,3729,3723,3724,3731,3735,3743,3735,3748,3761,3764,3748,3767,3759,3747,3777,3775,3794,3793,3816,3807,3813,3798,3808,3804,3800
93,B73,NORMAL,NORMAL,PCZ,0.2128,0.0096,0.0451,AREA,41.32683694,172.701178,99.81106975,13.28249711,20,Signal,540,512,478,463,448,436,443,437,443,451,454,461,467,475,492,507,518,535,545,554,573,600,613,609,615,630,641,649,663,672,683,697,711,727,744,760,778,797,814,830,846,861,878,895,916,936,956,976,995,1018,1044,1071,1104,1145,1192,1245,1298,1357,1416,1483,1544,1608,1674,1737,1802,1868,1930,1985,2035,2082,2128,2160,2215,2287,2338,2355,2371,2401,2428,2448,2476,2502,2527,2554,2581,2605,2626,2649,2673,2697,2719,2740,2761,2784,2817,2829,2847,2865,2883,2904,2923,2935,2947,2980,2917,3027,3073,3052,3043,3050,3069,3083,3087,3095,3100,3129,3137,3145,3158,3172,3184,3200,3215,3225,3224,3234,3238,3259,3281,3296,3316,3332,3342,3361,3370,3377,3390,3399,3412,3426,3444,3454,3465,3475,3480,3489,3504,3518,3534,3546,3554,3566,3576,3577,3588,3593,3601,3613,3613,3617,3616,3618,3625,3636,3634,3636,3639,3643,3636,3645,3641,3649,3659,3669,3675,3682,3681,3683,3685,3688,3696,3700,3707,3714,3718,3720,3722,3720,3724,3719,3715,3703,3688,3672,3677,3662,3667,3669,3668,3678,3676,3687,3686,3705,3710,3717,3725,3730,3739,3746,3752,3767,3784,3781,3778,3780,3779,3785,3787,3792,3796,3800,3810,3811,3817,3803,3804,3808,3818,3832,3825,3838,3860,3865,3865,3870,3869,3862,3855,3844
93,B73,NORMAL,NORMAL,UCN,0.1823,0.0115,0.0631,AREA,41.441371,197.380674,96.42214136,9.287495412,20,Signal,536,521,509,525,535,543,564,575,590,606,618,628,640,661,681,701,720,739,756,772,780,803,840,845,854,872,884,899,910,923,937,958,974,998,1019,1039,1065,1086,1112,1131,1146,1160,1175,1190,1206,1222,1243,1264,1291,1317,1347,1380,1415,1455,1505,1562,1621,1682,1748,1812,1879,1946,2012,2077,2141,2204,2264,2318,2365,2409,2448,2462,2509,2586,2647,2663,2686,2712,2736,2761,2780,2801,2820,2851,2875,2898,2920,2938,2960,2980,3002,3022,3040,3066,3100,3114,3129,3153,3168,3185,3209,3219,3231,3258,3173,3290,3345,3328,3320,3330,3348,3360,3371,3376,3381,3407,3421,3430,3440,3456,3464,3482,3494,3501,3500,3505,3511,3524,3547,3560,3581,3592,3608,3621,3633,3642,3644,3655,3665,3681,3691,3698,3714,3715,3731,3740,3753,3768,3781,3794,3800,3811,3816,3820,3828,3841,3841,3859,3862,3863,3859,3864,3873,3880,3886,3890,3891,3891,3886,3895,3893,3899,3909,3917,3921,3920,3920,3922,3918,3918,3921,3921,3932,3940,3942,3939,3940,3940,3946,3942,3942,3932,3919,3922,3921,3924,3926,3921,3918,3933,3927,3943,3930,3952,3958,3954,3965,3969,3978,3987,4000,4001,4016,4016,4009,4007,4009,4014,4024,4030,4032,4027,4038,4037,4044,4022,4029,4033,4043,4042,4061,4064,4094,4085,4086,4086,4076,4082,4078,4076
170,B73,HIGH,NORMAL,CONTROL,0.2157,0.0134,0.0621,AREA,76.76609886,156.395019,227.3182718,28.91294523,20,Signal,636,588,568,558,552,558,568,575,580,594,605,621,632,649,676,700,720,743,767,785,805,830,865,879,893,910,931,950,966,985,1004,1025,1052,1079,1112,1144,1180,1210,1244,1271,1291,1309,1320,1336,1351,1368,1388,1420,1451,1489,1529,1575,1620,1674,1734,1802,1867,1932,1998,2060,2118,2171,2219,2263,2305,2344,2377,2411,2436,2465,2493,2503,2536,2593,2640,2653,2657,2677,2693,2708,2725,2741,2759,2778,2799,2819,2834,2849,2865,2883,2900,2916,2931,2952,2982,2988,3002,3017,3032,3048,3062,3073,3083,3115,3043,3119,3188,3177,3166,3166,3182,3196,3203,3207,3205,3230,3241,3250,3257,3269,3279,3296,3310,3315,3318,3320,3324,3338,3354,3370,3385,3402,3411,3422,3433,3442,3449,3459,3470,3483,3489,3505,3513,3520,3525,3533,3547,3556,3571,3583,3587,3592,3600,3603,3612,3623,3623,3638,3639,3636,3639,3634,3645,3646,3644,3645,3647,3649,3651,3654,3652,3654,3665,3676,3685,3686,3689,3688,3694,3695,3697,3692,3704,3705,3712,3712,3717,3711,3704,3697,3682,3669,3658,3647,3642,3649,3651,3648,3649,3649,3659,3666,3660,3684,3674,3686,3689,3699,3702,3710,3720,3737,3741,3741,3740,3723,3741,3739,3738,3755,3767,3765,3782,3772,3770,3769,3757,3776,3770,3789,3793,3809,3812,3814,3821,3828,3825,3833,3815,3806
170,B73,HIGH,NORMAL,GA,0.2069,0.0156,0.0754,AREA,82.14940613,285.1758955,221.0758127,16.32735501,20,Signal,377,357,355,357,357,354,359,369,371,374,386,392,396,405,414,429,439,452,463,472,481,499,513,515,521,530,536,545,551,559,568,579,588,600,611,618,629,639,649,656,666,672,681,692,702,712,721,732,741,753,764,781,801,827,863,902,945,993,1049,1107,1170,1234,1300,1366,1431,1492,1553,1603,1649,1698,1743,1776,1825,1886,1926,1939,1956,1981,2000,2023,2044,2062,2085,2106,2128,2147,2168,2183,2205,2222,2243,2258,2275,2295,2319,2329,2344,2361,2371,2386,2403,2412,2424,2448,2404,2487,2523,2505,2498,2505,2517,2532,2538,2539,2546,2563,2569,2576,2584,2596,2602,2610,2620,2625,2623,2630,2636,2646,2663,2675,2688,2697,2709,2719,2729,2735,2740,2746,2752,2761,2771,2781,2786,2791,2799,2806,2815,2829,2836,2846,2849,2852,2855,2860,2862,2868,2872,2881,2883,2883,2882,2881,2888,2892,2895,2902,2911,2913,2916,2912,2918,2920,2928,2937,2944,2931,2926,2923,2903,2892,2883,2869,2866,2859,2850,2833,2821,2803,2797,2779,2761,2749,2742,2737,2746,2738,2736,2734,2727,2744,2741,2747,2740,2765,2767,2764,2765,2777,2785,2787,2789,2809,2805,2813,2800,2794,2797,2807,2807,2815,2815,2826,2824,2834,2833,2821,2823,2817,2836,2833,2847,2857,2857,2861,2855,2855,2858,2858,2855,2849
170,B73,HIGH,NORMAL,PCZ,0.1785,0.0117,0.0655,AREA,49.64673684,190.6907374,96.62150643,8.994656857,20,Signal,433,413,390,374,371,373,374,378,383,391,393,404,412,423,437,452,465,479,487,494,509,522,537,543,547,560,568,579,586,595,603,616,624,635,649,660,674,687,700,713,721,731,742,756,768,782,795,812,827,844,864,889,918,955,1000,1049,1102,1156,1216,1275,1333,1391,1447,1506,1562,1614,1667,1714,1757,1796,1839,1865,1910,1970,2013,2029,2044,2070,2089,2111,2135,2153,2176,2199,2221,2242,2260,2277,2298,2316,2336,2353,2370,2392,2420,2433,2448,2464,2481,2497,2514,2526,2538,2566,2520,2590,2642,2628,2622,2625,2641,2652,2661,2668,2669,2691,2703,2710,2721,2733,2745,2756,2772,2781,2787,2792,2799,2812,2828,2845,2857,2872,2884,2894,2905,2916,2920,2930,2943,2954,2965,2974,2981,2994,2998,3008,3020,3030,3045,3052,3056,3061,3070,3072,3080,3088,3090,3099,3099,3101,3103,3106,3112,3119,3119,3122,3126,3129,3131,3134,3134,3142,3151,3164,3170,3174,3176,3178,3177,3173,3172,3164,3164,3157,3158,3150,3133,3119,3106,3089,3075,3051,3043,3027,3024,3032,3024,3027,3026,3027,3037,3043,3039,3054,3061,3054,3065,3065,3076,3076,3090,3089,3098,3103,3100,3098,3099,3095,3100,3105,3115,3116,3127,3131,3128,3115,3119,3115,3120,3136,3142,3148,3156,3160,3157,3166,3164,3160,3156,3148
170,B73,HIGH,NORMAL,UCN,0.2167,0.0125,0.0577,AREA,68.86434136,209.3218285,160.9338253,19.46070075,20,Signal,499,454,422,419,396,389,387,383,383,391,391,396,400,404,411,418,431,439,451,459,467,487,502,505,507,515,523,533,539,545,553,566,579,594,609,626,643,660,678,693,707,721,735,752,768,785,806,825,848,876,909,946,991,1042,1102,1166,1233,1303,1373,1446,1520,1593,1666,1740,1807,1874,1937,1994,2045,2098,2146,2181,2232,2296,2355,2373,2389,2418,2444,2468,2491,2517,2539,2565,2593,2615,2639,2656,2678,2700,2722,2741,2759,2788,2818,2828,2843,2866,2878,2896,2916,2929,2945,2979,2886,3018,3064,3044,3036,3042,3061,3076,3082,3086,3092,3117,3126,3130,3142,3153,3167,3181,3191,3203,3201,3206,3212,3228,3243,3259,3274,3288,3296,3313,3326,3330,3338,3341,3345,3359,3369,3378,3387,3391,3402,3408,3418,3433,3443,3454,3459,3459,3467,3470,3480,3487,3491,3501,3504,3508,3505,3514,3520,3528,3537,3546,3547,3551,3552,3553,3553,3561,3569,3577,3586,3592,3590,3581,3578,3572,3571,3568,3570,3564,3551,3546,3535,3520,3522,3520,3513,3513,3512,3517,3523,3513,3517,3519,3517,3517,3533,3528,3524,3537,3564,3545,3557,3567,3566,3568,3588,3599,3593,3600,3599,3593,3595,3591,3594,3602,3615,3620,3627,3627,3632,3623,3616,3616,3626,3630,3642,3650,3657,3665,3676,3675,3672,3670,3670,3652
216,CML103,HIGH,NORMAL,CONTROL,0.213,0.0114,0.0535,AREA,65.31556857,271.263231,117.7927499,13.24329542,20,Signal,460,433,401,387,383,393,401,406,422,431,450,463,485,517,546,578,609,637,664,687,699,766,802,817,840,866,899,926,955,983,1000,1032,1066,1107,1148,1189,1232,1275,1316,1341,1360,1382,1400,1423,1444,1473,1504,1538,1573,1609,1643,1673,1704,1742,1791,1838,1878,1922,1967,1999,2031,2060,2085,2109,2128,2148,2167,2181,2187,2201,2213,2205,2255,2345,2380,2361,2353,2360,2363,2372,2383,2391,2405,2425,2443,2452,2467,2471,2488,2504,2512,2524,2532,2563,2589,2587,2598,2610,2619,2638,2649,2649,2654,2651,2583,2727,2776,2747,2722,2722,2738,2745,2744,2739,2742,2761,2768,2766,2775,2782,2794,2808,2820,2818,2812,2807,2808,2813,2830,2846,2861,2871,2880,2892,2903,2906,2908,2907,2917,2926,2936,2943,2946,2948,2950,2960,2970,2984,2998,3007,3007,3005,3016,3011,3025,3024,3022,3032,3028,3026,3021,3021,3025,3032,3031,3034,3034,3023,3015,3015,3019,3028,3040,3053,3055,3064,3065,3063,3065,3068,3061,3054,3054,3053,3048,3038,3027,3017,2999,2994,2969,2957,2927,2911,2894,2873,2865,2858,2862,2861,2862,2867,2866,2899,2901,2896,2902,2906,2914,2920,2929,2941,2948,2947,2937,2935,2926,2929,2929,2943,2947,2947,2958,2956,2950,2934,2921,2913,2925,2935,2942,2951,2964,2970,2973,2971,2965,2966,2958,2944
231,B73,HIGH,NORMAL,CONTROL,0.2151,0.0135,0.0628,AREA,60.61991929,234.6513636,144.913416,15.61765239,20,Signal,486,460,447,445,446,452,461,464,480,491,497,512,515,529,542,557,573,589,604,619,633,657,684,685,694,708,720,735,747,765,775,795,815,841,862,888,917,945,972,999,1023,1048,1077,1107,1132,1163,1196,1231,1261,1299,1342,1388,1430,1478,1535,1599,1664,1732,1808,1881,1955,2032,2104,2177,2252,2317,2380,2436,2489,2536,2585,2609,2663,2743,2803,2821,2837,2865,2890,2913,2937,2963,2985,3013,3037,3060,3079,3099,3120,3140,3160,3180,3194,3222,3257,3264,3279,3298,3311,3330,3351,3359,3374,3400,3297,3434,3485,3466,3456,3462,3484,3497,3499,3504,3503,3535,3543,3552,3559,3571,3579,3591,3597,3606,3605,3609,3609,3626,3646,3664,3675,3688,3699,3715,3730,3741,3747,3753,3760,3777,3788,3794,3807,3816,3825,3835,3846,3859,3875,3885,3887,3893,3903,3904,3918,3926,3935,3946,3950,3952,3948,3951,3958,3965,3968,3981,3983,3979,3981,3977,3987,3988,3996,4006,4008,4012,4013,4010,4006,4009,4020,4017,4017,4025,4035,4027,4030,4030,4042,4043,4046,4034,4040,4033,4040,4038,4033,4046,4042,4029,4047,4045,4052,4078,4086,4079,4081,4103,4098,4106,4126,4132,4131,4139,4145,4141,4139,4150,4151,4150,4157,4160,4174,4176,4183,4169,4168,4174,4177,4191,4201,4200,4222,4221,4241,4237,4248,4251,4243,4223
231,B73,HIGH,NORMAL,GA,0.1661,0.0096,0.0578,AREA,37.59351664,154.878318,87.21528572,9.55568408,20,Signal,531,496,485,467,463,464,464,474,480,490,499,507,513,527,544,564,576,592,605,618,634,658,683,681,692,704,718,731,742,752,765,782,799,821,842,864,887,910,932,950,968,986,1001,1024,1046,1068,1095,1122,1155,1187,1222,1261,1304,1352,1406,1464,1521,1586,1654,1723,1790,1851,1918,1979,2040,2099,2153,2200,2244,2285,2323,2341,2390,2457,2504,2514,2526,2550,2567,2589,2605,2626,2646,2667,2690,2709,2728,2744,2766,2784,2804,2821,2838,2859,2889,2895,2911,2927,2940,2957,2974,2984,2996,3021,2955,3063,3105,3085,3072,3078,3096,3106,3111,3116,3120,3146,3156,3162,3169,3184,3197,3209,3219,3228,3229,3233,3238,3253,3274,3287,3305,3317,3327,3343,3357,3365,3376,3382,3393,3410,3423,3432,3446,3451,3456,3465,3480,3494,3506,3518,3531,3534,3546,3547,3559,3567,3568,3580,3582,3580,3582,3585,3588,3600,3597,3602,3601,3599,3598,3602,3604,3608,3615,3626,3632,3635,3638,3643,3643,3648,3649,3655,3666,3668,3675,3681,3681,3678,3681,3673,3662,3649,3624,3608,3598,3598,3598,3594,3593,3600,3599,3613,3611,3631,3626,3627,3641,3653,3650,3666,3656,3681,3693,3690,3694,3695,3681,3688,3695,3704,3696,3702,3713,3709,3722,3709,3715,3717,3717,3730,3735,3744,3763,3764,3768,3761,3769,3760,3765,3751
231,B73,HIGH,NORMAL,PAC,0.1615,0.0105,0.065,AREA,47.93812282,167.7457116,115.3080596,10.66330313,20,Signal,622,586,570,564,559,558,569,575,585,598,605,615,622,641,662,681,696,711,729,739,748,771,807,808,819,835,851,863,875,888,902,917,935,954,973,991,1011,1031,1049,1066,1080,1097,1109,1125,1138,1155,1173,1193,1212,1234,1254,1278,1305,1336,1375,1418,1463,1512,1566,1621,1678,1736,1795,1856,1916,1976,2032,2084,2129,2171,2211,2225,2269,2338,2397,2415,2432,2461,2485,2507,2530,2551,2574,2598,2619,2642,2665,2680,2702,2725,2742,2761,2780,2805,2835,2848,2863,2888,2897,2918,2938,2949,2962,2989,2914,3013,3069,3055,3051,3058,3076,3086,3098,3102,3106,3130,3144,3154,3163,3176,3191,3203,3215,3222,3227,3233,3239,3251,3271,3287,3307,3315,3332,3346,3355,3362,3371,3382,3392,3408,3418,3428,3438,3448,3453,3465,3477,3490,3503,3515,3522,3529,3536,3538,3550,3557,3567,3570,3575,3576,3576,3579,3581,3589,3592,3588,3589,3590,3591,3592,3592,3597,3603,3615,3622,3629,3628,3632,3630,3636,3642,3646,3656,3662,3663,3674,3667,3671,3662,3661,3654,3630,3615,3601,3588,3588,3581,3581,3588,3583,3591,3599,3592,3606,3622,3613,3631,3632,3640,3640,3646,3657,3672,3661,3668,3662,3664,3665,3683,3678,3691,3697,3690,3697,3685,3686,3685,3680,3698,3706,3708,3715,3721,3733,3739,3731,3726,3728,3721,3717
231,B73,HIGH,NORMAL,PAC+GA,0.2314,0.0143,0.0617,AREA,60.37240538,270.2254557,149.7038958,16.71010764,20,Signal,583,553,534,528,531,530,537,547,556,566,578,585,594,611,631,652,665,681,697,709,713,732,766,771,778,795,805,819,829,845,851,868,883,900,921,939,956,976,995,1011,1024,1035,1051,1070,1082,1100,1118,1139,1162,1184,1210,1240,1271,1307,1351,1400,1449,1505,1565,1630,1692,1760,1827,1892,1960,2024,2083,2139,2185,2229,2273,2290,2331,2397,2462,2490,2504,2535,2558,2583,2605,2628,2652,2676,2704,2728,2749,2767,2789,2810,2830,2851,2870,2895,2930,2942,2958,2980,2998,3015,3040,3050,3066,3093,3014,3090,3171,3167,3159,3162,3180,3198,3206,3212,3211,3240,3255,3264,3274,3287,3300,3312,3328,3335,3341,3345,3351,3362,3382,3401,3417,3431,3445,3460,3468,3483,3494,3506,3515,3528,3541,3553,3566,3574,3581,3595,3606,3618,3637,3652,3658,3664,3676,3679,3689,3699,3710,3719,3723,3726,3723,3728,3736,3741,3747,3745,3752,3749,3754,3753,3760,3759,3771,3779,3785,3791,3795,3793,3799,3802,3799,3811,3814,3823,3830,3835,3831,3833,3830,3825,3818,3795,3794,3777,3773,3784,3776,3784,3785,3777,3786,3787,3782,3801,3807,3815,3817,3824,3832,3829,3850,3856,3864,3869,3867,3854,3864,3862,3875,3878,3882,3903,3887,3907,3910,3898,3897,3898,3901,3911,3935,3933,3947,3966,3964,3966,3965,3973,3960,3940
231,B73,HIGH,NORMAL,PCZ,0.2108,0.0128,0.0607,AREA,52.89171338,183.2732965,120.7181193,11.52251436,20,Signal,576,542,527,532,523,541,556,567,576,595,604,619,631,652,675,697,713,731,748,765,787,808,836,839,847,864,877,894,908,922,934,953,973,994,1018,1040,1064,1087,1109,1130,1146,1161,1176,1194,1210,1229,1249,1273,1299,1325,1355,1386,1422,1465,1515,1572,1628,1692,1759,1827,1894,1962,2024,2089,2147,2206,2259,2311,2351,2391,2433,2457,2504,2571,2623,2639,2650,2674,2695,2711,2736,2755,2775,2797,2823,2844,2863,2878,2897,2914,2937,2953,2972,2994,3026,3032,3049,3064,3080,3097,3114,3125,3134,3166,3095,3178,3252,3232,3222,3218,3236,3249,3255,3257,3253,3279,3293,3296,3308,3317,3332,3346,3357,3361,3363,3369,3372,3387,3403,3419,3436,3446,3458,3474,3483,3493,3498,3508,3521,3534,3546,3560,3567,3573,3580,3590,3600,3616,3626,3639,3643,3650,3656,3661,3674,3681,3683,3693,3700,3693,3695,3693,3704,3707,3708,3709,3712,3710,3713,3714,3716,3719,3731,3740,3753,3748,3755,3754,3757,3758,3762,3760,3768,3774,3777,3788,3784,3782,3778,3775,3761,3750,3733,3720,3712,3724,3726,3728,3724,3732,3744,3744,3740,3763,3775,3769,3772,3787,3792,3797,3805,3819,3840,3842,3838,3819,3833,3832,3834,3850,3865,3865,3871,3876,3882,3872,3870,3872,3875,3885,3891,3914,3916,3926,3931,3940,3927,3938,3915,3917
231,B73,HIGH,NORMAL,UCN,0.1815,0.0097,0.0534,AREA,32.58177677,141.0591452,83.75758825,6.895963417,20,Signal,604,581,558,560,554,556,570,573,582,592,603,612,620,629,650,669,685,704,717,729,742,765,797,799,808,823,837,850,862,878,888,908,926,948,970,993,1017,1044,1070,1089,1111,1128,1147,1168,1186,1210,1236,1263,1292,1322,1357,1396,1437,1484,1540,1602,1667,1735,1811,1887,1959,2035,2108,2184,2255,2325,2392,2451,2505,2557,2603,2627,2684,2767,2830,2848,2865,2899,2925,2947,2972,2997,3018,3045,3074,3096,3115,3138,3162,3184,3208,3228,3247,3275,3310,3320,3336,3359,3372,3394,3412,3423,3432,3466,3381,3502,3555,3532,3521,3527,3547,3557,3566,3568,3573,3603,3612,3624,3628,3643,3656,3665,3680,3687,3688,3691,3697,3712,3734,3747,3765,3779,3790,3806,3817,3820,3833,3840,3851,3860,3876,3888,3894,3901,3910,3917,3933,3943,3962,3971,3981,3987,3995,3997,4011,4017,4018,4034,4037,4042,4038,4039,4047,4060,4061,4065,4071,4072,4069,4069,4073,4075,4084,4095,4100,4103,4100,4097,4095,4098,4097,4107,4109,4112,4121,4122,4115,4123,4124,4130,4127,4128,4124,4132,4137,4136,4138,4146,4142,4142,4151,4152,4149,4173,4173,4180,4193,4189,4202,4207,4214,4239,4245,4246,4236,4236,4231,4230,4248,4250,4253,4250,4275,4267,4265,4248,4261,4259,4265,4284,4290,4302,4320,4330,4332,4333,4337,4326,4318,4312
240,B73,NORMAL,NORMAL,CONTROL,0.2778,0.0151,0.0544,AREA,93.83477721,256.8274965,204.8357941,22.95079857,20,Signal,540,532,529,533,544,546,553,572,582,594,603,615,623,633,647,668,682,699,720,735,735,757,794,800,811,822,838,851,863,878,891,909,925,942,957,974,992,1004,1021,1034,1047,1061,1071,1082,1095,1106,1123,1140,1154,1172,1191,1213,1239,1271,1307,1347,1387,1432,1478,1524,1573,1625,1678,1735,1788,1847,1901,1952,2001,2046,2090,2105,2149,2218,2285,2312,2334,2364,2390,2415,2439,2462,2486,2512,2540,2563,2586,2604,2626,2649,2671,2691,2710,2738,2770,2784,2807,2829,2847,2869,2889,2906,2917,2942,2859,2969,3028,3017,3014,3026,3045,3058,3072,3074,3082,3111,3122,3133,3144,3158,3173,3186,3197,3203,3210,3214,3226,3238,3261,3278,3298,3310,3325,3335,3352,3367,3378,3384,3396,3410,3423,3436,3445,3455,3463,3475,3488,3501,3521,3531,3539,3539,3549,3551,3566,3569,3578,3590,3596,3590,3595,3599,3606,3612,3622,3623,3634,3634,3635,3635,3639,3647,3654,3667,3671,3673,3674,3679,3675,3678,3688,3690,3698,3697,3695,3696,3690,3687,3689,3678,3664,3649,3645,3646,3652,3654,3652,3651,3647,3658,3661,3663,3663,3682,3694,3699,3710,3701,3723,3722,3740,3742,3748,3760,3755,3746,3748,3751,3758,3780,3767,3783,3786,3781,3785,3774,3781,3776,3793,3803,3807,3818,3828,3842,3847,3844,3832,3836,3840,3827
240,B73,NORMAL,NORMAL,GA,0.2164,0.0128,0.0591,AREA,68.04448328,191.7479621,191.8626333,18.51069384,20,Signal,468,445,429,432,422,429,427,439,442,448,456,464,466,477,488,502,515,524,533,543,551,569,590,591,600,607,615,625,634,644,651,666,678,693,709,722,739,755,771,784,797,810,823,836,852,868,888,907,927,950,977,1008,1045,1089,1139,1193,1249,1306,1369,1432,1496,1562,1628,1697,1767,1835,1901,1963,2021,2072,2118,2144,2196,2268,2329,2350,2371,2402,2424,2450,2475,2498,2522,2548,2575,2596,2619,2639,2662,2683,2707,2727,2746,2774,2807,2818,2838,2859,2876,2895,2915,2924,2938,2967,2899,2995,3053,3037,3030,3037,3056,3071,3080,3081,3094,3114,3127,3133,3147,3158,3169,3183,3194,3198,3202,3208,3214,3229,3251,3268,3285,3297,3311,3326,3337,3349,3357,3372,3377,3388,3404,3413,3423,3428,3438,3446,3459,3474,3487,3501,3508,3508,3512,3516,3529,3534,3540,3549,3554,3553,3555,3557,3557,3565,3571,3580,3582,3578,3584,3577,3583,3587,3594,3605,3614,3612,3619,3617,3618,3618,3621,3617,3627,3631,3632,3628,3622,3619,3617,3603,3590,3580,3572,3562,3566,3569,3566,3557,3557,3567,3569,3579,3577,3597,3598,3608,3607,3617,3615,3623,3636,3651,3662,3664,3652,3658,3650,3654,3667,3668,3675,3680,3675,3685,3678,3680,3680,3679,3688,3691,3704,3716,3732,3734,3739,3730,3728,3731,3726,3717
240,B73,NORMAL,NORMAL,PAC,0.1926,0.0037,0.0192,AREA,41.14916945,158.8872156,103.6622886,13.33100617,20,Signal,528,482,454,450,435,435,433,436,442,453,463,468,476,493,508,524,537,553,569,578,587,613,635,640,649,663,674,688,701,712,723,739,758,773,793,811,830,849,868,885,901,916,931,952,968,989,1010,1033,1056,1079,1107,1138,1174,1210,1254,1300,1347,1400,1456,1511,1570,1631,1694,1756,1823,1885,1947,2003,2053,2103,2147,2172,2223,2293,2352,2369,2388,2418,2443,2471,2494,2513,2539,2567,2589,2615,2638,2656,2680,2702,2723,2743,2761,2787,2819,2831,2848,2869,2885,2904,2920,2936,2947,2972,2905,3008,3059,3043,3036,3045,3065,3073,3084,3088,3095,3123,3134,3141,3155,3168,3181,3194,3205,3214,3219,3224,3231,3243,3265,3281,3297,3308,3322,3337,3349,3360,3367,3378,3386,3400,3411,3424,3430,3439,3450,3462,3473,3490,3503,3515,3524,3529,3537,3541,3552,3562,3568,3579,3584,3586,3584,3597,3596,3602,3606,3604,3608,3605,3606,3609,3608,3613,3624,3633,3644,3643,3649,3650,3648,3654,3658,3662,3668,3678,3679,3687,3679,3674,3677,3678,3676,3654,3630,3619,3604,3602,3601,3598,3592,3598,3601,3612,3614,3632,3633,3629,3641,3644,3656,3657,3664,3670,3684,3682,3684,3675,3681,3680,3690,3703,3702,3709,3711,3714,3716,3696,3691,3707,3702,3718,3727,3738,3749,3761,3752,3750,3751,3754,3746,3748
240,B73,NORMAL,NORMAL,PAC+GA,0.2067,0.0146,0.0706,AREA,0.313961835,8.714909903,0,0,20,Signal,633,614,606,609,629,638,660,676,692,705,720,733,746,762,791,814,836,854,874,891,906,935,976,976,989,1010,1026,1042,1058,1074,1085,1111,1131,1157,1182,1207,1234,1259,1287,1307,1326,1340,1355,1372,1389,1409,1433,1457,1485,1515,1546,1584,1618,1664,1717,1775,1835,1900,1970,2036,2105,2174,2242,2310,2377,2443,2507,2562,2611,2659,2702,2717,2768,2847,2915,2931,2947,2975,3001,3021,3045,3065,3087,3113,3136,3157,3177,3196,3220,3238,3259,3279,3296,3323,3358,3367,3382,3403,3417,3437,3453,3463,3474,3503,3410,3528,3586,3563,3555,3556,3579,3589,3595,3600,3604,3631,3642,3650,3660,3672,3684,3697,3708,3716,3714,3720,3723,3742,3760,3779,3796,3811,3822,3837,3853,3852,3863,3872,3885,3897,3908,3920,3930,3941,3950,3956,3971,3984,4003,4017,4018,4030,4038,4039,4049,4060,4065,4081,4081,4083,4082,4088,4095,4105,4112,4113,4119,4119,4114,4119,4119,4124,4136,4144,4142,4143,4144,4147,4143,4142,4146,4150,4153,4155,4163,4160,4161,4168,4173,4176,4173,4175,4178,4179,4187,4194,4184,4194,4187,4192,4195,4209,4217,4228,4229,4225,4249,4247,4257,4258,4276,4286,4300,4301,4285,4288,4284,4288,4298,4304,4304,4312,4324,4319,4313,4305,4314,4308,4322,4334,4345,4366,4381,4386,4395,4392,4390,4389,4373,4375
240,B73,NORMAL,NORMAL,PCZ,0.1482,0.0096,0.0648,AREA,54.12786878,149.1288192,129.9878303,14.34065035,20,Signal,481,448,428,419,407,409,411,415,419,425,429,439,445,453,467,481,495,505,514,524,536,555,575,574,578,591,602,612,620,631,640,654,665,681,698,714,732,749,767,782,797,812,826,842,860,878,898,918,943,969,999,1030,1068,1112,1166,1224,1280,1342,1407,1471,1540,1605,1673,1745,1814,1881,1946,2006,2057,2108,2158,2184,2239,2312,2371,2392,2415,2445,2471,2500,2523,2550,2572,2600,2628,2652,2679,2700,2724,2748,2770,2791,2813,2837,2874,2884,2902,2924,2940,2958,2978,2990,3004,3032,2963,3071,3117,3104,3098,3105,3125,3137,3147,3152,3161,3184,3195,3205,3220,3235,3243,3257,3270,3277,3281,3287,3294,3307,3326,3347,3364,3375,3391,3400,3414,3426,3433,3440,3448,3466,3478,3484,3500,3507,3515,3526,3539,3551,3563,3577,3584,3592,3601,3603,3615,3621,3625,3637,3639,3640,3636,3644,3651,3657,3657,3661,3662,3661,3661,3660,3662,3667,3675,3688,3690,3693,3691,3696,3692,3692,3697,3698,3708,3712,3715,3716,3718,3716,3716,3719,3710,3702,3679,3662,3665,3660,3658,3658,3656,3658,3663,3677,3670,3694,3699,3690,3704,3714,3714,3721,3741,3753,3760,3758,3754,3758,3750,3750,3761,3771,3777,3773,3778,3796,3789,3780,3765,3784,3790,3792,3808,3812,3831,3836,3832,3841,3830,3836,3823,3820
240,B73,NORMAL,NORMAL,UCN,0.1415,0.0068,0.048,AREA,46.29218401,161.1883748,108.4599288,11.16706124,20,Signal,469,425,397,393,381,374,381,385,384,392,402,406,415,423,438,453,465,478,486,497,514,534,551,548,554,565,578,586,594,604,614,626,641,658,675,692,713,733,751,768,785,798,817,834,856,879,900,924,950,977,1010,1047,1090,1139,1195,1255,1315,1382,1447,1516,1583,1650,1715,1781,1847,1911,1972,2026,2076,2126,2171,2206,2259,2330,2378,2389,2404,2430,2453,2470,2492,2514,2534,2558,2583,2603,2623,2642,2663,2685,2707,2723,2743,2767,2795,2803,2820,2837,2848,2865,2884,2890,2901,2934,2874,2981,3018,2992,2981,2983,2999,3009,3014,3020,3022,3049,3054,3063,3068,3079,3089,3106,3113,3124,3124,3130,3133,3149,3166,3184,3200,3211,3220,3235,3247,3254,3266,3273,3288,3293,3304,3319,3328,3338,3344,3351,3363,3375,3388,3400,3405,3413,3422,3422,3431,3434,3436,3451,3449,3448,3449,3452,3455,3462,3465,3467,3466,3466,3466,3470,3472,3479,3488,3496,3504,3506,3512,3516,3516,3519,3518,3524,3527,3530,3526,3523,3512,3509,3497,3482,3466,3445,3430,3420,3410,3414,3412,3408,3413,3414,3413,3417,3429,3448,3445,3439,3450,3457,3464,3461,3479,3492,3492,3499,3496,3484,3486,3494,3505,3517,3502,3515,3519,3515,3517,3504,3510,3506,3505,3522,3537,3544,3554,3562,3565,3564,3561,3557,3551,3547
452,CML103,HIGH,LOW,CONTROL,0.1306,0.0081,0.062,AREA,47.97922634,162.1750957,68.27521059,6.649951124,20,Signal,392,373,382,383,407,419,446,466,486,514,534,558,584,616,660,696,736,773,808,849,908,950,987,1011,1049,1093,1132,1168,1200,1241,1282,1329,1371,1415,1456,1493,1526,1555,1584,1607,1631,1653,1670,1694,1716,1741,1765,1789,1809,1827,1844,1865,1879,1897,1914,1934,1949,1965,1979,1995,2005,2017,2025,2038,2048,2056,2069,2077,2084,2095,2110,2118,2142,2171,2178,2175,2177,2186,2191,2198,2210,2216,2225,2238,2251,2259,2268,2279,2289,2302,2311,2319,2331,2343,2357,2362,2368,2380,2388,2398,2406,2411,2417,2436,2425,2479,2487,2471,2470,2468,2479,2484,2490,2497,2497,2509,2515,2517,2526,2531,2539,2547,2554,2559,2560,2563,2569,2577,2591,2599,2608,2619,2627,2630,2640,2644,2644,2653,2658,2664,2676,2683,2688,2693,2700,2707,2718,2723,2733,2738,2741,2743,2751,2755,2759,2762,2763,2768,2769,2768,2772,2777,2780,2785,2777,2784,2784,2785,2789,2788,2790,2791,2797,2804,2800,2802,2799,2793,2789,2769,2761,2753,2743,2736,2722,2718,2696,2678,2664,2657,2641,2622,2613,2600,2599,2598,2598,2606,2601,2603,2615,2604,2615,2621,2637,2618,2629,2638,2637,2642,2651,2651,2653,2661,2664,2657,2658,2657,2661,2666,2680,2681,2688,2677,2694,2682,2684,2681,2680,2690,2707,2702,2716,2713,2711,2717,2715,2713,2711,2699
452,CML103,HIGH,LOW,GA,0.1422,0.0088,0.0612,AREA,53.32894909,130.5313487,81.11657497,6.865235783,20,Signal,453,442,446,478,497,523,559,585,611,642,668,700,731,759,790,828,872,912,958,1008,1081,1131,1162,1184,1219,1262,1295,1331,1364,1403,1445,1489,1535,1578,1615,1649,1682,1711,1738,1769,1788,1809,1830,1851,1869,1891,1913,1929,1949,1966,1980,1997,2008,2025,2041,2058,2074,2087,2099,2110,2122,2130,2141,2149,2161,2170,2180,2187,2195,2207,2226,2244,2266,2290,2295,2286,2280,2288,2294,2300,2309,2320,2325,2339,2350,2358,2368,2377,2392,2402,2414,2424,2433,2450,2461,2462,2470,2478,2481,2493,2497,2506,2511,2537,2517,2586,2588,2568,2562,2569,2576,2581,2582,2586,2592,2598,2602,2602,2607,2612,2616,2618,2625,2631,2634,2635,2639,2646,2653,2662,2672,2679,2684,2689,2695,2698,2703,2703,2703,2714,2719,2722,2729,2734,2738,2744,2750,2757,2761,2770,2771,2778,2782,2784,2789,2796,2793,2802,2807,2811,2809,2816,2819,2826,2827,2838,2837,2833,2830,2831,2826,2827,2823,2818,2810,2797,2789,2772,2750,2738,2731,2722,2710,2696,2684,2673,2662,2649,2650,2641,2635,2638,2638,2638,2637,2635,2637,2633,2633,2637,2643,2650,2655,2659,2669,2663,2663,2669,2672,2674,2685,2691,2691,2687,2690,2688,2683,2688,2694,2699,2702,2698,2702,2707,2708,2704,2699,2705,2710,2713,2734,2731,2730,2735,2732,2735,2743,2742,2736,2716
452,CML103,HIGH,LOW,PAC,0.1715,0.0107,0.0624,AREA,68.25371813,162.3977072,141.6310208,10.67222878,20,Signal,387,369,351,352,340,343,349,355,366,374,387,397,409,422,442,463,482,502,523,545,579,608,619,631,652,667,687,703,720,737,757,786,811,839,869,900,932,956,985,1010,1033,1054,1074,1097,1123,1151,1181,1213,1249,1288,1334,1381,1429,1479,1532,1581,1630,1677,1718,1759,1795,1826,1855,1884,1909,1932,1957,1976,1995,2012,2037,2059,2088,2120,2130,2129,2137,2147,2160,2171,2182,2192,2207,2223,2234,2247,2263,2273,2288,2303,2315,2327,2341,2358,2370,2376,2390,2397,2408,2419,2428,2434,2442,2467,2458,2517,2522,2505,2506,2510,2522,2529,2534,2537,2547,2559,2560,2569,2572,2585,2587,2597,2600,2606,2608,2612,2621,2631,2648,2653,2668,2674,2684,2694,2700,2703,2710,2720,2719,2728,2741,2745,2752,2756,2766,2771,2783,2787,2798,2804,2809,2814,2814,2818,2826,2825,2831,2833,2836,2839,2840,2844,2844,2852,2851,2858,2863,2863,2868,2868,2873,2871,2878,2882,2886,2872,2873,2865,2848,2844,2832,2824,2817,2811,2795,2784,2768,2755,2744,2728,2706,2695,2687,2684,2693,2686,2691,2685,2692,2690,2698,2701,2700,2719,2715,2713,2716,2726,2721,2726,2733,2740,2745,2749,2739,2741,2742,2753,2745,2748,2755,2755,2763,2758,2763,2759,2760,2760,2771,2768,2783,2781,2786,2793,2789,2792,2795,2786,2776,2776
455,CML103,HIGH,LOW,CONTROL,0.1542,0.0092,0.0597,AREA,38.22194639,86.09527261,59.89013744,5.461179085,20,Signal,497,464,455,456,465,478,498,520,536,567,586,611,635,668,710,756,797,840,881,924,982,1028,1075,1107,1148,1193,1235,1278,1314,1355,1401,1447,1492,1534,1574,1608,1639,1667,1691,1712,1728,1745,1760,1779,1799,1822,1843,1864,1882,1903,1917,1932,1943,1959,1977,1992,2005,2016,2032,2044,2054,2065,2073,2083,2092,2099,2110,2117,2123,2131,2140,2142,2158,2185,2202,2200,2202,2211,2215,2223,2232,2238,2247,2258,2272,2283,2295,2307,2319,2332,2346,2357,2369,2388,2407,2415,2427,2439,2452,2464,2477,2484,2490,2512,2483,2541,2566,2555,2555,2559,2571,2576,2583,2590,2591,2608,2617,2621,2629,2639,2648,2659,2669,2675,2676,2681,2687,2698,2711,2721,2733,2744,2754,2768,2773,2779,2780,2792,2802,2809,2820,2829,2836,2841,2851,2862,2873,2882,2894,2899,2903,2910,2917,2922,2929,2939,2939,2950,2957,2956,2960,2964,2975,2973,2975,2984,2988,2994,2996,3004,3008,3018,3024,3037,3044,3045,3054,3052,3051,3051,3043,3034,3032,3022,3010,3011,2998,2981,2965,2955,2938,2919,2910,2903,2895,2906,2910,2908,2908,2917,2931,2922,2928,2946,2951,2949,2962,2965,2967,2980,2990,2996,3005,3003,2999,3000,2999,3008,3015,3017,3031,3028,3043,3045,3055,3052,3054,3051,3048,3070,3071,3082,3096,3097,3099,3101,3097,3109,3093,3096
455,CML103,HIGH,LOW,GA,0.1477,0.0079,0.0535,AREA,34.17259139,100.2213044,44.31358872,3.559490299,20,Signal,463,433,442,439,454,471,495,517,533,562,588,610,636,671,713,756,793,840,878,924,982,1031,1070,1100,1136,1182,1221,1263,1297,1337,1381,1429,1472,1514,1558,1593,1623,1651,1679,1700,1719,1740,1760,1784,1809,1835,1861,1887,1908,1931,1951,1971,1987,2006,2026,2047,2061,2076,2095,2110,2122,2134,2145,2156,2168,2178,2189,2200,2207,2216,2228,2236,2258,2289,2304,2302,2302,2312,2320,2326,2335,2344,2355,2364,2377,2389,2400,2408,2420,2432,2440,2453,2464,2479,2493,2499,2508,2518,2526,2537,2545,2551,2561,2583,2560,2615,2637,2624,2618,2620,2629,2638,2642,2646,2647,2661,2667,2674,2683,2687,2697,2707,2714,2719,2723,2724,2732,2740,2752,2763,2770,2781,2787,2799,2805,2808,2809,2817,2823,2832,2839,2847,2852,2857,2865,2871,2880,2886,2900,2906,2906,2911,2918,2919,2924,2926,2932,2936,2940,2943,2943,2942,2947,2952,2951,2954,2958,2961,2965,2971,2974,2972,2984,2987,3000,2996,3000,2996,2993,2986,2976,2963,2950,2944,2928,2922,2908,2884,2869,2852,2830,2814,2798,2789,2784,2788,2792,2789,2794,2796,2800,2797,2799,2811,2806,2818,2814,2814,2812,2822,2828,2830,2841,2835,2834,2826,2834,2835,2831,2845,2849,2850,2853,2851,2855,2844,2848,2853,2858,2869,2869,2880,2880,2883,2885,2888,2886,2892,2884,2879
455,CML103,HIGH,LOW,PAC,0.1415,0.008,0.0565,AREA,37.18253068,125.8059653,53.33928014,3.340433539,20,Signal,459,445,436,424,432,432,447,454,464,482,493,505,519,535,556,577,598,616,638,659,693,720,736,743,761,774,792,806,817,834,853,876,898,923,952,981,1008,1032,1059,1080,1099,1116,1134,1154,1178,1205,1230,1259,1292,1327,1368,1411,1455,1502,1557,1611,1662,1712,1757,1801,1836,1869,1901,1930,1953,1976,1998,2018,2034,2051,2070,2086,2116,2150,2162,2158,2163,2172,2179,2191,2198,2210,2223,2234,2244,2254,2269,2277,2291,2304,2316,2327,2338,2352,2369,2372,2384,2392,2399,2410,2419,2424,2430,2451,2439,2498,2504,2487,2487,2491,2502,2507,2510,2514,2521,2529,2534,2537,2544,2551,2557,2561,2568,2573,2574,2573,2580,2589,2600,2611,2619,2625,2632,2641,2648,2655,2657,2661,2665,2672,2680,2687,2692,2695,2705,2705,2714,2721,2727,2735,2743,2743,2748,2750,2755,2755,2760,2764,2766,2771,2772,2770,2773,2779,2782,2787,2792,2791,2800,2794,2800,2800,2804,2807,2806,2798,2789,2776,2759,2753,2740,2721,2721,2706,2701,2684,2670,2655,2648,2628,2611,2603,2599,2589,2594,2599,2594,2591,2590,2597,2597,2604,2598,2617,2617,2616,2616,2618,2624,2622,2630,2637,2642,2642,2647,2633,2637,2643,2644,2642,2650,2647,2655,2662,2648,2653,2657,2658,2660,2667,2664,2682,2677,2673,2680,2681,2686,2688,2678,2679
535,CML103,HIGH,LOW,CONTROL,0.1613,0.0127,0.0787,AREA,35.84618671,102.3630511,53.47099428,3.91510937,20,Signal,429,411,402,431,432,440,466,489,513,532,562,585,614,642,673,713,755,797,839,885,953,1003,1038,1064,1102,1141,1180,1218,1256,1296,1343,1390,1437,1486,1533,1573,1609,1645,1678,1705,1726,1750,1770,1792,1815,1837,1862,1885,1905,1923,1943,1959,1975,1992,2011,2031,2048,2063,2077,2091,2101,2113,2125,2135,2149,2160,2170,2181,2191,2203,2221,2234,2257,2285,2294,2288,2289,2296,2302,2310,2319,2329,2340,2352,2363,2373,2382,2393,2408,2420,2431,2442,2451,2466,2479,2484,2491,2500,2508,2518,2529,2534,2543,2570,2540,2620,2624,2600,2600,2605,2615,2624,2625,2630,2632,2643,2649,2652,2657,2662,2667,2674,2678,2681,2681,2683,2687,2694,2708,2718,2725,2734,2742,2746,2756,2760,2762,2766,2769,2776,2779,2786,2793,2798,2803,2811,2818,2824,2832,2838,2843,2843,2854,2848,2859,2860,2861,2868,2873,2872,2873,2879,2883,2891,2899,2900,2903,2905,2905,2908,2907,2906,2918,2913,2914,2900,2886,2871,2852,2844,2828,2813,2812,2798,2787,2770,2755,2748,2737,2729,2717,2715,2718,2718,2723,2724,2719,2717,2717,2719,2737,2732,2736,2752,2743,2751,2749,2761,2760,2762,2772,2769,2781,2777,2772,2779,2778,2781,2777,2785,2789,2795,2794,2792,2789,2800,2792,2792,2799,2810,2815,2816,2818,2819,2823,2832,2824,2821,2821,2812
535,CML103,HIGH,LOW,GA,0.2055,0.0094,0.0457,AREA,54.06959512,130.3969054,79.48025115,6.79892197,20,Signal,532,518,532,548,567,590,616,657,685,714,742,769,802,836,879,926,968,1004,1047,1086,1151,1204,1242,1266,1305,1350,1392,1432,1470,1509,1550,1596,1634,1669,1705,1738,1768,1794,1822,1843,1859,1879,1897,1916,1939,1964,1985,2008,2028,2049,2065,2082,2096,2110,2129,2147,2164,2178,2196,2207,2218,2230,2239,2250,2262,2268,2279,2290,2295,2306,2316,2325,2349,2383,2395,2392,2392,2400,2407,2415,2422,2431,2438,2452,2464,2473,2483,2491,2502,2511,2525,2534,2544,2559,2574,2579,2586,2594,2600,2614,2620,2627,2633,2650,2630,2689,2705,2689,2687,2690,2699,2705,2708,2712,2718,2730,2732,2738,2745,2752,2759,2770,2775,2781,2780,2782,2789,2801,2812,2821,2835,2840,2850,2860,2866,2873,2877,2883,2890,2899,2907,2915,2925,2931,2936,2947,2958,2967,2976,2980,2982,2988,2996,2999,3004,3010,3013,3017,3016,3017,3019,3023,3029,3032,3027,3035,3034,3041,3041,3045,3048,3053,3060,3067,3073,3071,3067,3064,3055,3049,3040,3032,3030,3020,3024,3008,2996,2985,2966,2954,2939,2922,2912,2905,2896,2907,2905,2902,2905,2911,2914,2930,2929,2940,2950,2940,2945,2954,2967,2967,2973,2983,2980,2983,2992,2989,2985,2991,2997,3004,3008,3007,3026,3012,3023,3011,3018,3020,3019,3028,3039,3045,3042,3050,3059,3062,3057,3049,3053,3048
